Date,Close,High,Low,Open,Volume,Return,ZScore,Risk_Class,Target
2025-01-02,1231.167724609375,1233.7949384205442,1209.554328364606,1210.7936258321927,15486276,0.016827100720942623,1.23895009034978,Low Risk,Medium Risk
2025-01-03,1240.437744140625,1251.244443122699,1224.921714407087,1233.2498182568117,15521102,0.00752945301111696,0.5403258318823724,Medium Risk,High Risk
2025-01-06,1207.5714111328125,1251.1946805005002,1204.5970973122883,1243.213556672038,14816766,-0.026495753747466266,-2.0163245793603175,High Risk,Low Risk
2025-01-07,1230.2257080078125,1233.8444805890147,1210.7935491517349,1211.5371275851955,10070505,0.01876021299125341,1.3842039404126198,Low Risk,Low Risk
2025-01-08,1254.664794921875,1260.167324257905,1234.6872949225542,1238.3060678446636,19346579,0.019865530979382928,1.4672574162946557,Low Risk,Medium Risk
2025-01-09,1244.0067138671875,1258.8782824728921,1237.364128300027,1256.1518282285128,12794704,-0.008494763778998937,-0.6637321107179946,Medium Risk,Medium Risk
2025-01-10,1231.266845703125,1245.9896754309787,1225.4173374439545,1243.114481097643,8120332,-0.010240996308177985,-0.7949438369399009,Medium Risk,Medium Risk
2025-01-13,1229.234375,1234.5881643828388,1215.899582365329,1219.4687349455062,13764861,-0.0016507150421680716,-0.14947101770730709,Medium Risk,Medium Risk
2025-01-14,1228.143798828125,1242.6187691440975,1216.742262047884,1233.4479678208604,13095266,-0.0008871995398558319,-0.09210054419844786,Medium Risk,Medium Risk
2025-01-15,1241.478515625,1246.2374660533972,1231.2171573529768,1234.2905907014622,9578856,0.010857618472363662,0.7904038301015492,Medium Risk,Medium Risk
2025-01-16,1255.6065673828125,1264.0834104275011,1240.586378973141,1248.1212833322295,14117603,0.011380021144143493,0.8296571112091876,Medium Risk,Low Risk
2025-01-17,1291.19921875,1314.6467509950228,1273.997794139219,1310.9288585996749,29366277,0.028346977701285025,2.1045524194767866,Low Risk,Medium Risk
2025-01-20,1294.272705078125,1304.7324245206253,1289.1172758229052,1304.7324245206253,14040244,0.0023803347179069956,0.1534216318498002,Medium Risk,High Risk
2025-01-21,1262.7945556640625,1301.7581181984158,1259.324522599558,1299.2795231523412,14562976,-0.024321110451110406,-1.8529221137299845,High Risk,Medium Risk
2025-01-22,1266.1654052734375,1271.9157939003728,1257.83730213362,1267.3552034506358,10273590,0.00266935709712679,0.17513874263573906,Medium Risk,Medium Risk
2025-01-23,1252.83056640625,1266.4132176584087,1250.7980702365203,1259.126173066555,8720682,-0.01053167209564354,-0.8167851846452939,Medium Risk,High Risk
2025-01-24,1235.6292724609375,1262.1006196074513,1232.8531975505623,1255.1605533566642,14235970,-0.013729944340881262,-1.0571030204506677,High Risk,High Risk
2025-01-27,1218.82421875,1229.8291557820492,1209.5542981292017,1228.4907387555406,9536019,-0.013600401095603454,-1.0473691548003239,High Risk,Medium Risk
2025-01-28,1223.8311767578125,1234.0925365684338,1208.0672872533735,1227.400329601704,10568025,0.004108023069107958,0.28323995051388545,Medium Risk,Medium Risk
2025-01-29,1224.921630859375,1232.1095562529247,1217.53546627882,1225.4173498520336,5928156,0.0008910167695281856,0.04151443986092922,Medium Risk,Low Risk
2025-01-30,1242.3214111328125,1246.237542749693,1221.8481926097397,1224.971246456504,9269259,0.01420481101409754,1.041911521121638,Low Risk,Medium Risk
2025-01-31,1254.2681884765625,1256.1519448799122,1238.306060895825,1245.09738698474,6584612,0.0096164947627011,0.6971459267704728,Medium Risk,Medium Risk
2025-02-01,1253.7724609375,1259.6715896071485,1230.374548522757,1254.2681799336815,7118453,-0.00039523248984307813,-0.05513419246817749,Medium Risk,High Risk
2025-02-03,1235.232666015625,1245.2461659154887,1226.9541826685895,1240.2889757645512,9252345,-0.014787208604033264,-1.1365457445569038,High Risk,Low Risk
2025-02-04,1274.196044921875,1277.7653184740125,1235.9265630557768,1237.3642207434832,16691069,0.03154335209732628,2.34472765109571,Low Risk,Medium Risk
2025-02-05,1267.2559814453125,1279.4507170461238,1265.7688244708304,1271.6679530846961,10112028,-0.005446621423933262,-0.4346950188672878,Medium Risk,Medium Risk
2025-02-06,1270.577392578125,1276.9721191435924,1259.4732145791813,1262.7945076095025,9956001,0.0026209472919784815,0.17150123503383802,Medium Risk,Medium Risk
2025-02-07,1255.8544921875,1272.7089385364054,1251.1947819010975,1265.2236540965398,8764283,-0.01158756678390982,-0.8961249990405131,Medium Risk,Medium Risk
2025-02-10,1242.916259765625,1255.6562137259161,1234.8856362555493,1253.673337746878,6970972,-0.010302333990412138,-0.7995527438488665,Medium Risk,High Risk
2025-02-11,1224.2772216796875,1253.7230036544372,1219.567891058193,1253.7230036544372,8859714,-0.014996213895739241,-1.1522503799110209,High Risk,High Risk
2025-02-12,1206.1339111328125,1216.3952699200001,1183.1324776076385,1209.0089844264594,21131654,-0.014819609664862288,-1.1389803568160146,High Risk,Medium Risk
2025-02-13,1205.687744140625,1217.4858807075602,1201.622872489872,1206.629682868639,8511216,-0.0003699149721845263,-0.05323183688830869,Medium Risk,Medium Risk
2025-02-14,1206.827880859375,1213.5200872227356,1195.1288642881832,1208.56289732395,10298145,0.0009456318389988727,0.04561821036298668,Medium Risk,Medium Risk
2025-02-17,1214.412353515625,1216.9900679473901,1194.1869953911457,1200.7304615718228,8166683,0.006284634931411404,0.44679033397981494,Medium Risk,Medium Risk
2025-02-18,1214.908203125,1219.3696743222742,1205.6877809072391,1214.362863790828,6673250,0.0004083041546305566,0.005243465399363731,Medium Risk,Medium Risk
2025-02-19,1216.9405517578125,1222.1952216847485,1207.125412159616,1209.0586678925579,6217338,0.0016728413122777397,0.10026065271784428,Medium Risk,Medium Risk
2025-02-20,1222.4429931640625,1228.738599945727,1211.5371757067999,1213.4704313005311,7795582,0.004521536732671194,0.3143113231437293,Medium Risk,Medium Risk
2025-02-21,1217.634521484375,1229.3830367840985,1211.6858938870325,1218.1797397323817,6904025,-0.003933493591583903,-0.3209987547332611,Medium Risk,Medium Risk
2025-02-24,1204.1510009765625,1212.7764626626977,1200.1356289010387,1206.1338768607443,7172498,-0.011073536656446947,-0.8575008300209505,Medium Risk,Medium Risk
2025-02-25,1193.6912841796875,1210.5457292220917,1191.2126893205104,1200.6313497853835,11552182,-0.008686383010429899,-0.6781303593551287,Medium Risk,Medium Risk
2025-02-27,1196.7647705078125,1204.597154814102,1190.370043898487,1202.416039651657,11509215,0.002574774875932162,0.16803184461071846,Medium Risk,Medium Risk
2025-02-28,1189.82470703125,1206.9270123506615,1183.0830013175257,1191.7084634163882,23007298,-0.005799020532345489,-0.4611742503334243,Medium Risk,High Risk
2025-03-03,1161.2216796875,1196.1202465389174,1146.1022512006402,1193.6912720117396,17944938,-0.024039698599903736,-1.8317768572082265,High Risk,Medium Risk
2025-03-04,1151.9517822265625,1163.948157257321,1149.6219272411693,1152.2491409974891,11377373,-0.007982883563999676,-0.6252694858919243,Medium Risk,Medium Risk
2025-03-05,1165.5345458984375,1172.8712116641736,1147.0938223968292,1151.0595745918054,8664095,0.01179108698944109,0.8605445550353097,Medium Risk,Low Risk
2025-03-06,1199.243408203125,1203.5561393973805,1175.002796955133,1186.75131332057,14468014,0.02892137553821139,2.1477126117546557,Low Risk,Low Risk
2025-03-07,1239.0992431640625,1244.0564330934674,1201.622838887705,1205.5885908312287,16474965,0.03323414970498373,2.4717740032197892,Low Risk,Medium Risk
2025-03-10,1227.7967529296875,1247.2289120927182,1224.8224391488623,1234.3402190424754,11931051,-0.009121537517458145,-0.710827822657603,Medium Risk,Medium Risk
2025-03-11,1236.62060546875,1238.801720552263,1219.2208210077197,1229.3830600118497,10089838,0.0071867371517375656,0.5145741987170371,Medium Risk,Medium Risk
2025-03-12,1246.287109375,1252.1861167007874,1233.3487958636417,1247.2289270068015,11977555,0.007816871127249048,0.5619223985107981,Medium Risk,Medium Risk
2025-03-13,1237.215576171875,1253.326444606414,1233.2002036288977,1249.2615727756533,9505270,-0.0072788470127675975,-0.5723682544311247,Medium Risk,Medium Risk
2025-03-17,1228.2427978515625,1246.6340190017775,1222.5420300210542,1231.5145912773855,16640917,-0.007252396828106189,-0.5703807903733207,Medium Risk,Medium Risk
2025-03-18,1228.2427978515625,1228.2427978515625,1228.2427978515625,1228.2427978515625,0,0.0,-0.02543646528423097,Medium Risk,Medium Risk
2025-03-19,1236.471923828125,1242.5196714129374,1228.1934407470596,1230.4241762433128,16162399,0.006699917956740187,0.4779946562642374,Medium Risk,Low Risk
2025-03-20,1258.2835693359375,1262.1005814534499,1239.347127629136,1241.1316434245866,15971477,0.01764022707469448,1.300048317950926,Low Risk,Medium Risk
2025-03-21,1265.4217529296875,1270.0319634187874,1259.2252659887295,1264.0833359554676,21780769,0.005672953035154915,0.40082862145563286,Medium Risk,Low Risk
2025-03-24,1290.9512939453125,1294.8179260458828,1273.254151243817,1279.9463572168718,20299319,0.020174729062875096,1.490490527350367,Low Risk,Medium Risk
2025-03-25,1274.4439697265625,1296.50346593687,1271.6183955406093,1296.50346593687,13713899,-0.012786945794292182,-0.9862462101146057,Medium Risk,Medium Risk
2025-03-26,1262.150146484375,1282.7224842048433,1257.8869148358597,1279.9464094999762,12074747,-0.009646421132837424,-0.7502675216030169,Medium Risk,Medium Risk
2025-03-27,1267.2559814453125,1273.9978081396894,1260.4151561828103,1267.2064821612498,15028056,0.004045346724523613,0.2785304566585298,Medium Risk,Medium Risk
2025-03-28,1264.1824951171875,1284.6557128160619,1258.1347478785124,1269.0405652360093,18147129,-0.002425308203808707,-0.2076738653580341,Medium Risk,High Risk
2025-04-01,1241.8751220703125,1266.9585500115554,1238.603449529153,1253.7723771839194,12099648,-0.017645690501992828,-1.351331769864584,High Risk,Medium Risk
2025-04-02,1240.437744140625,1244.8000957785905,1233.2498182568117,1236.8685913550723,10142590,-0.0011574254964470398,-0.11240529379039799,Medium Risk,Medium Risk
2025-04-03,1238.0086669921875,1241.08222182284,1222.4927580494818,1222.4927580494818,7434366,-0.0019582418867142293,-0.17257855204664696,Medium Risk,High Risk
2025-04-04,1194.38525390625,1234.7863505024063,1182.9342181609516,1230.473619610667,17908652,-0.03523675903814394,-2.6731227857502953,High Risk,High Risk
2025-04-07,1155.7191162109375,1161.2216449878495,1105.304523000697,1122.5059464290011,22156106,-0.032373254415905106,-2.4579593534753257,High Risk,Low Risk
2025-04-08,1172.0780029296875,1186.3547349162204,1153.3399207865864,1161.9653833278503,19555040,0.014154725390701506,1.0381480927151223,Low Risk,Medium Risk
2025-04-09,1175.2010498046875,1179.613021672609,1157.9996241138485,1159.4867811653644,10223104,0.0026645384242292014,0.1747766680675322,Medium Risk,Low Risk
2025-04-11,1208.5133056640625,1212.1816988912137,1184.917153801556,1184.917153801556,11224242,0.02834600587270697,2.1044793963809574,Low Risk,Low Risk
2025-04-15,1229.4822998046875,1240.288998738938,1226.5079856590305,1240.288998738938,13378535,0.01735106601006997,1.2783207863584503,Low Risk,Medium Risk
2025-04-16,1228.689208984375,1230.2754856402491,1218.477348782242,1223.5336585713449,8248464,-0.0006450607873236258,-0.07390626412745047,Medium Risk,Low Risk
2025-04-17,1263.5877685546875,1269.238916912585,1217.0893007676923,1229.5813957339365,15398401,0.028403081361119353,2.108768042500193,Low Risk,Low Risk
2025-04-21,1284.4078369140625,1289.7616259352505,1256.1518559398821,1259.126169726638,10429964,0.016476946736505127,1.212639557259939,Low Risk,Medium Risk
2025-04-22,1280.144775390625,1292.7361113748846,1275.2868257139828,1288.8694787336528,13051707,-0.003319087131763432,-0.2748323187931205,Medium Risk,Medium Risk
2025-04-23,1288.869384765625,1294.8180126953125,1274.3944143417477,1285.8950708007812,10480888,0.006815330221019433,0.4866667215076779,Medium Risk,Medium Risk
2025-04-24,1290.4556884765625,1293.3308829080645,1279.2525115884996,1281.3345072026398,10468940,0.0012307715038371025,0.06704357440390803,Medium Risk,Medium Risk
2025-04-25,1289.2659912109375,1313.85358083958,1277.071255478384,1292.3394247863746,14431012,-0.0009219202768825374,-0.09470945667994463,Medium Risk,Low Risk
2025-04-28,1357.0804443359375,1362.8307123815491,1308.8964585313056,1328.5269802313521,31104496,0.05259927244439733,3.926867262954281,Low Risk,Low Risk
2025-04-29,1387.7156982421875,1398.8198762816546,1358.2700385179512,1359.2614765022709,32538970,0.022574383142954124,1.6708002792999743,Low Risk,Medium Risk
2025-04-30,1392.9703369140625,1400.3070020394923,1357.2785702742715,1389.9960230274132,25480745,0.0037865383223170124,0.25908362088676323,Medium Risk,Medium Risk
2025-05-02,1407.6436767578125,1414.4845019236116,1397.0352178747166,1401.8932881277126,13007841,0.010533849468939094,0.7660758616743113,Medium Risk,Medium Risk
2025-05-05,1419.0452880859375,1427.1750314493302,1414.6829365878357,1418.747808269532,12685649,0.008099785134819015,0.5831805269016744,Medium Risk,Medium Risk
2025-05-06,1408.7342529296875,1419.7391903256466,1398.5223933042987,1418.7477523435755,14084117,-0.007266177649733696,-0.5714162798423843,Medium Risk,Medium Risk
2025-05-07,1393.9617919921875,1412.2042749259901,1390.6899982666434,1408.7342420156256,13440169,-0.010486336160832499,-0.8133786473330854,Medium Risk,Medium Risk
2025-05-08,1394.9532470703125,1408.6351396947061,1386.030305191398,1392.0780527042998,16106175,0.0007112498232164643,0.028006770665068553,Medium Risk,High Risk
2025-05-09,1365.4083251953125,1382.8577303043132,1362.731491083779,1373.637308764333,13668904,-0.021179865301615197,-1.6168892878237875,High Risk,Low Risk
2025-05-12,1424.2005615234375,1426.6791563050656,1388.013077711669,1388.013077711669,10674081,0.04305835495745569,3.2099637393491363,Low Risk,High Risk
2025-05-13,1403.57861328125,1435.304626683893,1400.3069407641844,1421.226256646525,11407896,-0.014479665855579138,-1.1134370151996134,High Risk,Medium Risk
2025-05-14,1412.204345703125,1417.6572548355593,1403.3805230837922,1407.8419941921477,5570160,0.006145528537022882,0.436337894324024,Medium Risk,Low Risk
2025-05-15,1441.7491455078125,1448.8875719918406,1400.6044669576877,1412.7992032271827,20177211,0.020921051471469054,1.5465691136287603,Low Risk,Medium Risk
2025-05-16,1443.9302978515625,1448.4908883531898,1434.9082364412498,1440.757623701411,9036695,0.0015128514905287105,0.08823903455483001,Medium Risk,Medium Risk
2025-05-19,1428.4638671875,1442.1456384779733,1425.886031660542,1439.667043567546,6195791,-0.010711341598050206,-0.830285531916509,Medium Risk,Medium Risk
2025-05-20,1412.4024658203125,1432.6278240113834,1409.6265122020175,1425.88599760598,11270560,-0.011243827538186757,-0.8702964687343328,Medium Risk,Medium Risk
2025-05-21,1416.9630126953125,1423.9030780659657,1405.9580760983038,1411.708464386899,6136364,0.003228928712150969,0.21718489417926826,Medium Risk,High Risk
2025-05-22,1397.332763671875,1411.6094953044076,1384.9397884743898,1409.031659643212,12134466,-0.013853748367148477,-1.0664056417959364,High Risk,Medium Risk
2025-05-23,1414.5838623046875,1421.5239286750705,1394.5567410207764,1394.5567410207764,6474883,0.012345734016484755,0.9022206735625837,Medium Risk,Medium Risk
2025-05-26,1422.5152587890625,1428.6621258406371,1412.898237790455,1419.7391840414937,4842944,0.0056068761250060994,0.3958636094660143,Medium Risk,Medium Risk
2025-05-27,1409.9239501953125,1424.696400543767,1401.794207036506,1413.8897021801247,12640414,-0.008851440092437768,-0.6905327309141931,Medium Risk,Medium Risk
2025-05-28,1400.8028564453125,1410.4197571984832,1398.621620102477,1407.9411620533203,5944611,-0.006469209739104365,-0.5115321959361577,Medium Risk,Medium Risk
2025-05-29,1405.660888671875,1407.842003929875,1396.5395861721686,1400.0096192804465,13771917,0.003468034209246351,0.23515125575986576,Medium Risk,Medium Risk
2025-05-30,1408.7342529296875,1418.3511529457182,1397.6300749154059,1405.8590585766528,13788484,0.0021864194149390226,0.13885085664196828,Medium Risk,Medium Risk
2025-06-02,1401.5958251953125,1405.3633379328091,1383.650821945961,1400.0095486308933,8098668,-0.0050672635520357945,-0.4061901087847018,Medium Risk,Medium Risk
2025-06-03,1393.466064453125,1414.2862617875367,1391.3840689247124,1410.1222707307113,11252626,-0.005800360272230853,-0.46127491824569233,Medium Risk,Medium Risk
2025-06-04,1411.3118896484375,1413.493004678654,1394.0608455067168,1402.5871874772963,8126827,0.012806788518611167,0.9368642597376899,Medium Risk,Medium Risk
2025-06-05,1430.0501708984375,1442.244785474372,1411.4110884077945,1415.7734397380668,13716817,0.013277207814544667,0.972211515521859,Medium Risk,Medium Risk
2025-06-06,1431.140625,1439.0721282906131,1424.6962785763767,1428.6620302216834,8182161,0.0007625285628107825,0.03185984969562429,Medium Risk,Medium Risk
2025-06-09,1436.3953857421875,1445.0208477095387,1432.9253528317358,1444.5251287223314,7885125,0.0036717291441485944,0.25045687146944556,Medium Risk,Medium Risk
2025-06-10,1426.1834716796875,1441.4516401070769,1423.704876838395,1437.5850079496329,7913181,-0.007109403277025583,-0.559636270177773,Medium Risk,Medium Risk
2025-06-11,1436.4945068359375,1456.0257865422643,1430.7441181682645,1433.4210733170682,8195700,0.007229809741173154,0.5178106684988412,Medium Risk,Medium Risk
2025-06-12,1429.2569580078125,1444.5251270006308,1422.1186530105915,1441.055094094315,8828114,-0.005038340761961302,-0.4040168534195574,Medium Risk,Medium Risk
2025-06-13,1415.67431640625,1423.2092208521976,1402.1907840779525,1411.8076840776937,9757276,-0.00950328877215667,-0.739512571268901,Medium Risk,Medium Risk
2025-06-16,1425.489501953125,1430.050092219024,1412.204209506703,1414.6828043278585,8458093,0.006933222869926148,0.49552516258779883,Medium Risk,Medium Risk
2025-06-17,1418.9459228515625,1435.602128554236,1413.5922548276174,1435.602128554236,10366599,-0.004590408482557651,-0.37035926966197075,Medium Risk,Medium Risk
2025-06-18,1417.85546875,1430.4468040463896,1413.4931173168031,1417.7563491543892,6681735,-0.0007684958841638334,-0.08318116415487468,Medium Risk,Medium Risk
2025-06-19,1421.028076171875,1427.5715425014369,1413.4930508573852,1417.8554020854735,10007230,0.0022376098916994103,0.14269730361258484,Medium Risk,Low Risk
2025-06-20,1453.6463623046875,1458.4053131642288,1415.8725983169522,1418.7477927518771,29010635,0.0229540053991637,1.6993250551916081,Low Risk,Medium Risk
2025-06-23,1444.326904296875,1451.266970188698,1429.6535737155343,1440.5593915455418,5989078,-0.006411090241396078,-0.5071651030696426,Medium Risk,Medium Risk
2025-06-24,1438.378173828125,1462.3709229333156,1430.7440292763747,1452.4565437947847,16402744,-0.004118687016805178,-0.33491416897632004,Medium Risk,Medium Risk
2025-06-25,1454.737060546875,1459.7933702625824,1447.9952335758323,1451.4652666586912,7525851,0.011373147212886403,0.829140604746788,Medium Risk,Low Risk
2025-06-26,1482.4971923828125,1485.9672251547677,1452.55569413543,1456.5214458748073,14657893,0.01908257690602988,1.4084263306285194,Low Risk,Medium Risk
2025-06-27,1502.425048828125,1508.9685148979506,1484.0834473001275,1486.5620421012081,11117052,0.013442087140335568,0.9846005304977162,Medium Risk,Medium Risk
2025-06-30,1487.7518310546875,1511.7447031481738,1483.191240482831,1500.838885203447,8409527,-0.009766355922302017,-0.759279408907114,Medium Risk,Low Risk
2025-07-01,1515.3138427734375,1518.2881567329412,1487.256099345396,1487.7518183386467,10368523,0.018525947099128137,1.3666012262339284,Low Risk,Medium Risk
2025-07-02,1505.796142578125,1516.9002002088087,1495.7825215605471,1515.3139235508756,6361002,-0.006281009205256427,-0.49739082787122907,Medium Risk,Medium Risk
2025-07-03,1504.8045654296875,1518.783816287235,1500.0456148706696,1507.7788792727886,11283291,-0.0006585068990413445,-0.07491660352954826,Medium Risk,Medium Risk
2025-07-04,1514.223388671875,1516.900223008299,1504.2097675037892,1510.9515946827762,6603501,0.006259167109516239,0.4448766845556185,Medium Risk,Medium Risk
2025-07-07,1528.3016357421875,1531.5734294639212,1511.9429091838053,1513.5291857359532,7251074,0.009297338276263556,0.673164542378283,Medium Risk,Medium Risk
2025-07-08,1524.43505859375,1531.6726044702705,1517.0983931213486,1522.8487819842126,7171261,-0.002529982994201152,-0.2155391179574493,Medium Risk,Medium Risk
2025-07-09,1505.9942626953125,1537.7202774459709,1497.1704406377573,1523.5426661942138,8870660,-0.012096806482165712,-0.9343892157197726,Medium Risk,Medium Risk
2025-07-10,1504.209716796875,1511.6455019531181,1494.5928164048603,1506.688311848956,10047129,-0.00118496195014961,-0.11447437998823812,Medium Risk,High Risk
2025-07-11,1482.3980712890625,1502.0285923917668,1477.540121836759,1499.0542783474266,7234991,-0.014500401948113417,-1.114995122983689,High Risk,Medium Risk
2025-07-14,1470.9964599609375,1487.1569471972039,1466.4358695278945,1479.4236826617216,10311846,-0.007691329035668826,-0.6033621096915225,Medium Risk,Medium Risk
2025-07-15,1472.6820068359375,1483.6869442622558,1469.7076928815193,1473.4750846086956,8132454,0.0011458537942672375,0.06066286675284238,Medium Risk,Medium Risk
2025-07-16,1472.8802490234375,1478.234038357326,1458.9009976142222,1460.388154594461,10409983,0.0001346130302264381,-0.015321656532915154,Medium Risk,Medium Risk
2025-07-17,1463.759033203125,1476.845965908467,1461.2804382949055,1474.6648507992907,11854613,-0.006192774888766461,-0.4907609107294946,Medium Risk,Medium Risk
2025-07-18,1463.3624267578125,1472.0871292027396,1456.521480639079,1472.0871292027396,10296318,-0.00027095063894810867,-0.045795667431280496,Medium Risk,High Risk
2025-07-21,1416.3682861328125,1463.362470991638,1410.9153771961905,1452.4566531183941,22442744,-0.03211380842210021,-2.4384646091387836,High Risk,Medium Risk
2025-07-22,1400.70361328125,1419.640054314783,1398.6214967228645,1415.178583447059,20396320,-0.011059745551301958,-0.8564645678494787,Medium Risk,Medium Risk
2025-07-23,1412.4024658203125,1413.7905031420296,1402.2898472373465,1413.7905031420296,8354596,0.008352125623248163,0.6021413643212096,Medium Risk,High Risk
2025-07-24,1390.8883056640625,1410.8161839876018,1384.0473596954969,1407.0486714179167,14740507,-0.015232315630201554,-1.1699910390873507,High Risk,Medium Risk
2025-07-25,1379.7841796875,1389.0046012536307,1372.2492752918665,1386.9226057137396,11854722,-0.007983477847461673,-0.6253141402879516,Medium Risk,Medium Risk
2025-07-28,1375.7193603515625,1395.746480796028,1373.1416457270684,1380.379191620021,7748361,-0.002945981984557977,-0.2467972377778094,Medium Risk,Low Risk
2025-07-29,1404.966796875,1408.0402305383973,1371.1587845273314,1371.1587845273314,10750072,0.02125974044296597,1.5720181668675774,Low Risk,Medium Risk
2025-07-30,1398.0267333984375,1411.1137879299629,1389.3021514025702,1405.9582375902166,7209849,-0.004939663693119933,-0.39660226897857187,Medium Risk,High Risk
2025-07-31,1378.2969970703125,1390.5908519212596,1370.365493427784,1376.215001569177,17065827,-0.01411256012262685,-1.0858527295321867,High Risk,Medium Risk
2025-08-01,1381.76708984375,1393.8627060383,1372.4476694796913,1375.025384070285,10321171,0.002517666933043783,0.1637407598656135,Medium Risk,Medium Risk
2025-08-04,1399.4146728515625,1403.975263237478,1379.7841529413568,1383.155066191865,6312820,0.012771749405182442,0.934231424487261,Medium Risk,High Risk
2025-08-05,1379.7841796875,1398.918980991344,1376.2150271869518,1398.918980991344,9315972,-0.014027645661354837,-1.0794722659578757,High Risk,Medium Risk
2025-08-06,1380.8748779296875,1383.9483114870873,1371.456217044825,1379.9825595355662,5834312,0.0007904846701709545,0.03396046862459225,Medium Risk,Medium Risk
2025-08-07,1377.50390625,1381.7670168023217,1354.3042341107182,1375.818389126872,9976705,-0.002441185464059914,-0.20886688100195563,Medium Risk,High Risk
2025-08-08,1356.0888671875,1385.2370458989403,1353.312792536344,1373.1415514013454,8793606,-0.015546263763997925,-1.1935810684169121,High Risk,Medium Risk
2025-08-11,1374.331298828125,1376.1159356273254,1349.5453489789295,1358.2700517359046,9997486,0.01345223906930193,0.9853633453587959,Medium Risk,Medium Risk
2025-08-12,1368.5810546875,1389.8969719255274,1363.4255044148417,1370.0682117041065,12244664,-0.004184030550368867,-0.33982407512745644,Medium Risk,Medium Risk
2025-08-13,1370.7620849609375,1379.8833867126677,1365.7057756228248,1376.115874093997,7457021,0.00159364347911084,0.09430973597037717,Medium Risk,Medium Risk
2025-08-14,1367.4774169921875,1374.3455639562076,1363.794372575189,1370.961308962897,7126128,-0.002396234915443829,-0.20548930156738224,Medium Risk,Medium Risk
2025-08-18,1375.3409423828125,1388.4802648218374,1370.6626218339861,1383.602791829514,11785109,0.005750387752597064,0.40664705787536126,Medium Risk,Low Risk
2025-08-19,1413.564208984375,1414.460091190419,1382.7068811681168,1383.6027633741608,14384719,0.0277918481328272,2.0628400428390563,Low Risk,Medium Risk
2025-08-20,1406.4969482421875,1418.342205158243,1403.510755146132,1406.4969482421875,8725641,-0.004999603624136206,-0.40110614900992403,Medium Risk,Medium Risk
2025-08-21,1418.24267578125,1425.3099750709036,1413.7633861810953,1418.4417067156319,11021323,0.008351050852788644,0.6020606061833731,Medium Risk,Medium Risk
2025-08-22,1402.71435546875,1416.84907536351,1401.4204113959267,1413.464698965694,5818868,-0.010948986783200665,-0.8481421658131274,Medium Risk,Medium Risk
2025-08-25,1406.0987548828125,1412.9670232567023,1399.230486508923,1408.1890657335161,5979407,0.002412750251587381,0.15585733159742046,Medium Risk,High Risk
2025-08-26,1378.5262451171875,1403.5107021083375,1375.241384232256,1401.519906786198,12145259,-0.019609227068779322,-1.4988716983236043,High Risk,Medium Risk
2025-08-28,1379.521728515625,1385.7926612650012,1360.2109883890075,1383.50331940736,13161813,0.0007221359781603987,0.02882475518788825,Medium Risk,High Risk
2025-08-29,1350.9537353515625,1397.0406983353935,1343.7869203796088,1374.7437651325777,18758842,-0.02070862138199292,-1.5814800699034883,High Risk,Medium Risk
2025-09-01,1347.6689453125,1356.9260708455383,1334.430107544873,1349.759256141992,11232238,-0.0024314600515965568,-0.2081361145454763,Medium Risk,Medium Risk
2025-09-02,1360.2109375,1378.128095842481,1348.2661652716795,1348.5648331807902,11517006,0.009306434069823899,0.6738479993374612,Medium Risk,Medium Risk
2025-09-03,1366.2828369140625,1370.1649121838109,1354.2385492379765,1363.3961593284287,7847563,0.004463939560155561,0.30998347773654855,Medium Risk,Medium Risk
2025-09-04,1353.0440673828125,1367.6763641601647,1350.8541196588233,1365.4865379446771,13223177,-0.009689625876550978,-0.7535139214431892,Medium Risk,Medium Risk
2025-09-05,1368.671875,1374.6442613636364,1353.0441792852228,1356.7271022727273,5777575,0.011550109855192225,0.842437558838379,Medium Risk,Medium Risk
2025-09-08,1372.15576171875,1379.6212446443146,1366.0838599076599,1373.6488583038629,6986720,0.0025454506535760313,0.16582842566669512,Medium Risk,Medium Risk
2025-09-09,1369.8662109375,1374.843199236951,1362.4007284883235,1370.2643943031567,9754452,-0.001668579358936717,-0.15081334056627416,Medium Risk,Medium Risk
2025-09-10,1370.66259765625,1382.1096709119122,1367.7759200987732,1377.5308659113482,7790815,0.0005813609478000359,0.018246934402927645,Medium Risk,Medium Risk
2025-09-11,1376.9337158203125,1379.1235422027225,1368.6718661340626,1369.6672638548873,9766072,0.004575245705825681,0.31834700966511104,Medium Risk,Medium Risk
2025-09-12,1388.579833984375,1389.873899637371,1374.146566892781,1376.9337291414593,7403368,0.008458009292861446,0.6100974519765004,Medium Risk,Medium Risk
2025-09-15,1392.8599853515625,1394.3530818320328,1382.2091575524387,1386.5889315301856,5396697,0.0030823948774383325,0.20617435744874493,Medium Risk,Medium Risk
2025-09-16,1398.8323974609375,1401.5199225726963,1391.7649767809332,1398.2350616507645,8686961,0.004287876866437168,0.29675414568594827,Medium Risk,Medium Risk
2025-09-17,1407.2933349609375,1409.6821922648512,1400.4250664409112,1400.5245819104894,7519417,0.0060485713051525725,0.429052538249835,Medium Risk,Medium Risk
2025-09-18,1408.4876708984375,1415.4554544293837,1404.2074124117412,1413.8628424954393,9332642,0.0008486758999204369,0.0383329514290414,Medium Risk,Medium Risk
2025-09-19,1400.9227294921875,1410.4785229891424,1397.1401696768169,1408.3882121473878,13461373,-0.005370967430211482,-0.429010385838213,Medium Risk,Medium Risk
2025-09-22,1384.199951171875,1404.2074196840813,1381.6119415772491,1397.4387885526373,7757970,-0.01193697408733907,-0.9223794265989362,Medium Risk,Medium Risk
2025-09-23,1383.40380859375,1388.5798281670254,1370.4636381520502,1384.5982372618869,14014702,-0.0005751644315916682,-0.06865425940358803,Medium Risk,Medium Risk
2025-09-24,1376.635009765625,1389.5751797778832,1374.0470000648747,1378.9244730635044,5922759,-0.004892858315176718,-0.39308531786594697,Medium Risk,Medium Risk
2025-09-25,1366.0838623046875,1378.128150477363,1362.6994857374575,1374.942926360271,11411143,-0.007664448009885971,-0.6013422722777492,Medium Risk,Medium Risk
2025-09-26,1371.2598876953125,1376.3363918134596,1359.7132983361805,1365.685684712474,9879109,0.0037889514205171615,0.2592649408284628,Medium Risk,Medium Risk
2025-09-29,1366.48193359375,1382.6073268149732,1361.7039763015719,1375.2413599514077,14231999,-0.0034843534361621575,-0.28725041130034595,Medium Risk,Medium Risk
2025-09-30,1357.722412109375,1370.7620971908361,1356.5279835173724,1370.7620971908361,14604684,-0.006410272444172027,-0.5071036538733448,Medium Risk,Medium Risk
2025-10-01,1362.4007568359375,1372.255218175594,1356.4283707523282,1360.7086293823172,12045916,0.003445729911237372,0.2334753131834771,Medium Risk,Medium Risk
2025-10-03,1357.125244140625,1365.287456651113,1350.6551591113212,1356.926091696157,12842347,-0.0038722179717254335,-0.31639451118459294,Medium Risk,Medium Risk
2025-10-06,1368.671875,1371.0608538471567,1352.7455113636363,1353.740909090909,12396580,0.008508154209957652,0.6138653357053305,Medium Risk,Medium Risk
2025-10-07,1378.4267578125,1389.47564777439,1369.5676941462978,1369.667209612737,11244040,0.00712726183001311,0.5101052293783788,Medium Risk,Medium Risk
2025-10-08,1361.1068115234375,1382.6073771032557,1358.2201339506064,1378.426755451918,8525081,-0.012565010212474692,-0.9695699941389324,Medium Risk,Medium Risk
2025-10-09,1371.458984375,1373.6488106871855,1362.7989515764332,1367.676424553763,8826633,0.007605702038898432,0.5460551757073053,Medium Risk,Medium Risk
2025-10-10,1375.3409423828125,1381.6119964455866,1368.7713419175536,1371.45898859096,6373084,0.0028305316105254885,0.18724937840310807,Medium Risk,Medium Risk
2025-10-13,1368.671875,1371.3594002602317,1361.505059967041,1370.5631549835205,7600682,-0.0048490284679943985,-0.389791947817722,Medium Risk,Medium Risk
2025-10-14,1369.5677490234375,1381.612037149334,1363.7943936365562,1373.6488553790207,9768174,0.0006545571950453688,0.023746892623578125,Medium Risk,Medium Risk
2025-10-15,1367.97509765625,1377.6304066718624,1366.382364141153,1376.6350089791804,10882743,-0.001162886150263942,-0.11281560673649389,Medium Risk,Low Risk
2025-10-16,1391.8646240234375,1394.0544503152107,1368.671809484766,1368.7713249510273,12315932,0.017463421964418302,1.2867632007992609,Low Risk,Medium Risk
2025-10-17,1410.279541015625,1416.7496262080865,1392.6609284325848,1394.5522084059296,19335561,0.013230393728203227,0.9686939100611192,Medium Risk,Low Risk
2025-10-20,1460.04931640625,1467.0170999313523,1426.7034952504036,1433.3726108781723,24721978,0.035290716445324666,2.6263042090094815,Low Risk,Medium Risk
2025-10-21,1458.4566650390625,1467.2162134241023,1453.2806455896807,1461.2438272093502,2066169,-0.0010908202546936474,-0.10740058302029303,Medium Risk,Medium Risk
2025-10-23,1441.7340087890625,1476.0752283864208,1437.9514490416038,1468.2115624957596,18707090,-0.0114659946029676,-0.8869900783152133,Medium Risk,Medium Risk
2025-10-24,1444.9193115234375,1453.0816457634617,1434.3681199531734,1443.3266994671071,9700837,0.002209355342217556,0.14057425977438578,Medium Risk,Low Risk
2025-10-27,1477.2696533203125,1478.16553552233,1451.289798512833,1456.266786847925,14113867,0.022389029988648,1.6568728630304954,Low Risk,Medium Risk
2025-10-28,1480.056884765625,1485.1333888036675,1470.79963742504,1477.26972256393,17631577,0.0018867452120525652,0.11633336896042132,Medium Risk,Medium Risk
2025-10-29,1497.277099609375,1501.3583271895798,1481.2512217130793,1483.1425015536738,11884745,0.01163483310742941,0.8488036549861819,Medium Risk,Medium Risk
2025-10-30,1481.6494140625,1496.1821955688695,1477.1701246011085,1493.0964871305005,9318663,-0.010437403705000348,-0.8097018678144767,Medium Risk,Medium Risk
2025-10-31,1479.5592041015625,1490.6080945575152,1475.4780977270138,1483.540795005222,8758053,-0.0014107318108448341,-0.13143870327033075,Medium Risk,Medium Risk
2025-11-03,1477.866943359375,1488.1195884585134,1472.4918928888083,1479.1610089962214,8452085,-0.0011437600722541408,-0.1113784752722778,Medium Risk,Medium Risk
2025-11-04,1466.3203125,1485.9297198935935,1463.334119430687,1477.07065615293,10007806,-0.0078130381840249,-0.6125073221337088,Medium Risk,Low Risk
2025-11-06,1489.2144775390625,1494.6891648996161,1469.406038969176,1477.1701896475465,16772678,0.015613345081491259,1.1477486208989396,Low Risk,Medium Risk
2025-11-07,1471.19775390625,1491.5038906434634,1469.1074431042953,1487.7213309001133,7821765,-0.012098138921255441,-0.9344893350510344,Medium Risk,Medium Risk
2025-11-10,1482.44580078125,1494.0919049344996,1468.7092643110286,1471.0982430243503,7068438,0.007645503023053557,0.549045817416849,Medium Risk,Medium Risk
2025-11-11,1486.5269775390625,1491.9021495222175,1473.3876547459602,1490.1103850249956,7127506,0.0027530023395538894,0.1814238372412492,Medium Risk,Medium Risk
2025-11-12,1504.5435791015625,1517.6827797499902,1493.0965058897411,1498.0734942427068,12384459,0.01211992909292925,0.8852537156609046,Medium Risk,Medium Risk
2025-11-13,1503.9464111328125,1515.0948167835015,1499.8653048593553,1508.0275174062697,7196443,-0.00039690971869799085,-0.055260219265665766,Medium Risk,Medium Risk
2025-11-14,1511.9095458984375,1513.900341239272,1498.5711928131457,1498.5711928131457,7682823,0.005294826136542197,0.37241620657453123,Medium Risk,Medium Risk
2025-11-17,1511.3123779296875,1516.6874283079178,1504.5436249599409,1513.900387650411,5871416,-0.0003949759893837612,-0.0551149190509886,Medium Risk,Medium Risk
2025-11-18,1512.4072265625,1520.7685911952462,1503.5481631005248,1514.696568271851,11045042,0.0007244356949636099,0.028997555663500017,Medium Risk,Medium Risk
2025-11-19,1511.9095458984375,1515.2939222795571,1505.0412776708577,1510.4164493928117,5692366,-0.0003290652512906167,-0.050162393211931396,Medium Risk,Low Risk
2025-11-20,1541.9705810546875,1543.7623455509595,1519.6736478639639,1522.9585089376258,18171724,0.019882826481121718,1.4685569984528735,Low Risk,Medium Risk
2025-11-21,1539.4820556640625,1550.6305827884978,1533.0119706260582,1533.9078528560988,9615271,-0.001613860485537244,-0.1467017702480656,Medium Risk,Medium Risk
2025-11-24,1528.831298828125,1542.8663816107544,1524.7501927010492,1542.8663816107544,18433951,-0.006918402716518335,-0.5452845084079416,Medium Risk,Medium Risk
2025-11-25,1532.61376953125,1552.4222077972818,1518.0809876078647,1528.8313312270848,15033482,0.0024740929270772316,0.16046661369908738,Medium Risk,Low Risk
2025-11-26,1562.6748046875,1564.3669320995493,1533.4100892950657,1535.2018536795324,14054299,0.019614227507197768,1.4483745001652237,Low Risk,Medium Risk
2025-11-27,1556.2047119140625,1568.2489991897637,1548.8387449947777,1567.7513003642512,9794643,-0.004140396168178739,-0.33654539229792246,Medium Risk,Medium Risk
2025-11-28,1560.285888671875,1574.0224254817672,1555.806599039324,1560.7835875199362,8959508,0.002622519213936192,0.1716193490822885,Medium Risk,Medium Risk
2025-12-01,1558.892333984375,1570.2398922139623,1556.403839701944,1567.7513979315313,8920233,-0.0008931406081523763,-0.09254695543736706,Medium Risk,Medium Risk
2025-12-02,1539.1834716796875,1560.2858537619331,1534.9032130787248,1553.9152843475838,11389150,-0.012642863060538412,-0.9754198488490236,Medium Risk,Medium Risk
2025-12-03,1531.718017578125,1545.2554018922647,1525.9446623591427,1538.0884656023031,6090883,-0.004850269145247221,-0.38988517217433366,Medium Risk,Medium Risk
2025-12-04,1528.53271484375,1553.3181423785347,1510.6155558800758,1528.9308982335338,11867930,-0.002079562098127874,-0.18169453980841124,Medium Risk,Medium Risk
2025-12-05,1533.5096435546875,1538.685784402705,1513.6016899280953,1523.356635808528,10183266,0.003256017134998901,0.21922031538641817,Medium Risk,Medium Risk
2025-12-08,1535.898681640625,1543.861863398969,1527.9354998822807,1532.1161217020071,11301491,0.001557889183141814,0.0916231619800562,Medium Risk,Medium Risk
2025-12-09,1522.3612060546875,1535.4008911036892,1513.1039592099478,1533.211064854301,11503971,-0.008814042063944538,-0.6877226470371051,Medium Risk,Medium Risk
2025-12-10,1529.8267822265625,1540.3779737710465,1524.3520947592017,1526.9401045329791,7991629,0.004903945359473916,0.3430454666249088,Medium Risk,Medium Risk
2025-12-11,1537.889404296875,1542.8663926602953,1516.9860531705099,1529.826707449835,4706197,0.005270284298839245,0.3705721355038955,Medium Risk,Medium Risk
2025-12-12,1549.3365478515625,1552.62140892391,1538.9843872841,1543.6628294631555,5106655,0.007443411420030577,0.5338606758938791,Medium Risk,Medium Risk
2025-12-15,1549.037841796875,1551.4268205626304,1539.3825327747268,1544.060853330096,5774543,-0.00019279610688960336,-0.03992314421795858,Medium Risk,Medium Risk
2025-12-16,1535.201904296875,1544.5585453663573,1531.7180123854912,1537.8894294536826,11731856,-0.008931955777110256,-0.6965826708834036,Medium Risk,Medium Risk
2025-12-17,1537.292236328125,1542.8664391614582,1532.2157323461342,1542.8664391614582,7116649,0.0013616007284771303,0.07687406840653777,Medium Risk,Medium Risk
2025-12-18,1537.292236328125,1544.3595357154854,1528.1345045583196,1528.1345045583196,6580829,0.0,-0.02543646528423097,Medium Risk,Medium Risk
2025-12-19,1557.8968505859375,1566.9549449740825,1543.8617679066683,1547.2461442463334,13937275,0.013403186310904314,0.9816775263182336,Medium Risk,Medium Risk
2025-12-22,1568.1495361328125,1570.2398469681211,1558.0960438231807,1566.2582562309594,10184852,0.00658110679344337,0.46906719811069064,Medium Risk,Medium Risk
2025-12-23,1563.4710693359375,1573.6241984599117,1560.8830596994947,1573.6241984599117,7506564,-0.002983431547231463,-0.2496111939277121,Medium Risk,Medium Risk
2025-12-24,1551.0286865234375,1568.448146711295,1546.4498812900458,1565.4619535362338,8815745,-0.00795817911602592,-0.6234131963028627,Medium Risk,Medium Risk
2025-12-26,1552.0240478515625,1553.8158123179846,1547.1466963201515,1547.5447581940155,2311495,0.0006417426942348925,0.022784012397767024,Medium Risk,Medium Risk
2025-12-29,1538.4866943359375,1550.9291658570105,1536.495898892566,1547.7439417510202,5972105,-0.008722386443924313,-0.6808356535125675,Medium Risk,Medium Risk
2025-12-30,1532.71337890625,1546.449793829553,1530.7225835687998,1539.8801935176687,8815884,-0.0037525936694431383,-0.3074059538542984,Medium Risk,Low Risk
2025-12-31,1563.172607421875,1569.7422080874378,1533.9078900841737,1533.9078900841737,5771830,0.019872749161595316,1.4677997897371644,Low Risk,Medium Risk
2026-01-01,1568.3485107421875,1585.1707553042595,1563.8692213237453,1566.457230908256,6408128,0.0033111527772029525,0.22336320166820567,Medium Risk,Medium Risk
2026-01-02,1584.9718017578125,1587.2611435561273,1570.9365970213464,1572.7283614795997,6602230,0.010599232824698213,0.7709887600609702,Medium Risk,Medium Risk
2026-01-05,1570.8370361328125,1604.3820104615531,1568.049995566515,1585.6684856930358,8704973,-0.008917991859113128,-0.6955334235726313,Medium Risk,High Risk
2026-01-06,1500.6614990234375,1561.77894010158,1489.4135782872731,1561.77894010158,27417125,-0.04467397667305939,-3.3822343135210087,High Risk,Medium Risk
2026-01-07,1497.277099609375,1513.004431115157,1491.1056827700695,1503.0504545946628,11199340,-0.0022552717026890212,-0.19489734077734952,Medium Risk,High Risk
2026-01-08,1463.831787109375,1496.9785780764303,1462.040144211037,1493.0965028672745,16518684,-0.022337423385908717,-1.703868078966615,High Risk,Medium Risk
2026-01-09,1468.51025390625,1473.0890589574892,1458.2576091430024,1458.2576091430024,8335311,0.003196041265173921,0.21471373491680817,Medium Risk,Medium Risk
2026-01-12,1476.373779296875,1478.4642116159973,1444.322022844729,1468.5102348906719,8883745,0.0053547636931428055,0.37691990819254334,Medium Risk,High Risk
2026-01-13,1446.11376953125,1478.9618923221497,1438.050951275772,1478.165525590484,13499760,-0.020496171220296455,-1.5655165873852572,High Risk,Medium Risk
2026-01-14,1452.086181640625,1460.2483939989072,1433.5716876182923,1437.3542473990606,8321764,0.004129973889475558,0.2848893328179557,Medium Risk,Medium Risk
2026-01-15,1452.086181640625,1452.086181640625,1452.086181640625,1452.086181640625,0,0.0,-0.02543646528423097,Medium Risk,Medium Risk
2026-01-16,1451.1903076171875,1473.1885721290346,1448.4031454989463,1452.0861898343726,17167161,-0.0006169565104086061,-0.07179451175391528,Medium Risk,High Risk
2026-01-19,1407.0941162109375,1443.9238298491432,1396.8415931572963,1443.9238298491432,20392765,-0.030386222382269512,-2.308653978140161,High Risk,High Risk
2026-01-20,1387.5843505859375,1409.4830993039366,1383.6027599099377,1404.207443054835,13189498,-0.013865288327362557,-1.0672727531771071,High Risk,Medium Risk
2026-01-21,1398.1356201171875,1406.3974698374059,1366.681076311502,1383.105138772638,17352720,0.007604056306050433,0.5459315155164214,Medium Risk,Medium Risk
2026-01-22,1396.0452880859375,1412.9670491536458,1388.5798052619484,1403.610286379211,15721693,-0.0014950853130218933,-0.1377770164380042,Medium Risk,Medium Risk
2026-01-23,1379.720703125,1400.5245389866304,1374.6441992470054,1395.348519642108,9837802,-0.011693449417618407,-0.9040810088580356,Medium Risk,Medium Risk
2026-01-27,1374.146484375,1385.195374217857,1361.7040134914885,1373.6487855396595,26302396,-0.00404010662257559,-0.3290096465248287,Medium Risk,Medium Risk
2026-01-28,1390.2718505859375,1403.4111724845945,1378.526231208921,1378.6257466723232,11121657,0.011734823320726173,0.8563169089616608,Medium Risk,Medium Risk
2026-01-29,1384.59814453125,1396.4434009824272,1377.6303609139109,1396.4434009824272,20846683,-0.00408100477061113,-0.3320827290114693,Medium Risk,Medium Risk
2026-01-30,1388.9779052734375,1391.5659148620384,1372.1556606847782,1376.236766748553,11239835,0.0031631999215702145,0.21224603985690974,Medium Risk,Medium Risk
2026-02-02,1384.0009765625,1386.4894707948447,1329.35361891851,1333.8329085367304,15711165,-0.0035831590207748842,-0.294674652402701,Medium Risk,Low Risk
2026-02-03,1430.4859619140625,1482.6448239290096,1423.6176937150067,1467.1166446366906,25456171,0.033587393461975035,2.4983167014901797,Low Risk,Low Risk
2026-02-04,1450.095458984375,1457.2622740237098,1433.6713964697635,1437.3543194605445,8333387,0.013708276482541581,1.0046019693147705,Low Risk,Medium Risk
2026-02-05,1436.757080078125,1454.7737543419996,1432.8750047042822,1450.2944646433757,11763658,-0.009198276446980902,-0.7165939776471885,Medium Risk,Medium Risk
2026-02-06,1444.123046875,1446.113842295832,1426.9026178813986,1434.865799564727,8277304,0.0051268004167235315,0.3597907718866032,Medium Risk,Medium Risk
2026-02-09,1454.873291015625,1459.153549837875,1446.3128948796364,1451.2898835062008,5775864,0.007444133077086468,0.533914901128183,Medium Risk,Medium Risk
2026-02-10,1451.7874755859375,1464.2299462371711,1445.5164217743147,1464.2299462371711,10259630,-0.002121020056346845,-0.18480968637260006,Medium Risk,Medium Risk
2026-02-11,1461.9405517578125,1463.234617369774,1446.91007080626,1452.882456999606,7106877,0.0069935003177907795,0.5000544035991821,Medium Risk,High Risk
2026-02-12,1442.231689453125,1466.2207486838624,1438.8473131178025,1463.2345557130195,11135399,-0.01348130215075427,-1.0384200727715889,High Risk,High Risk
2026-02-13,1413.0665283203125,1444.0233720001163,1409.7817888672503,1438.8473526451965,10755693,-0.02022224400288386,-1.5449337254494715,High Risk,Medium Risk
2026-02-16,1430.4859619140625,1432.9744560797708,1402.8139796964888,1413.564201587246,5896514,0.012327398069824858,0.9008429124838292,Medium Risk,Medium Risk
2026-02-17,1416.450927734375,1425.2104761017015,1412.0711535507119,1424.5136248062843,10731630,-0.009811374982602317,-0.762662136302341,Medium Risk,Medium Risk
2026-02-18,1434.666748046875,1435.4629932986807,1412.6683617554224,1420.4325123887006,5521096,0.012860184532927255,0.9408764305652929,Medium Risk,High Risk
2026-02-19,1403.0130615234375,1436.3588845536149,1393.5567833507007,1436.3588845536149,11884664,-0.022063441957186347,-1.6832811435987878,High Risk,Medium Risk
2026-02-20,1412.8675537109375,1420.8307355027325,1399.6287153786739,1403.013091941889,8177670,0.007023806447532088,0.5023316029595283,Medium Risk,Medium Risk
2026-02-23,1421.4278564453125,1428.2961245911818,1411.772547760535,1418.4416634695872,7758856,0.006058814721798367,0.42982222748540133,Medium Risk,Medium Risk
2026-02-24,1422.2242431640625,1426.7035326906043,1408.4877066792656,1418.7403513100855,12529409,0.0005602723452611258,0.01666233905465582,Medium Risk,High Risk
2026-02-25,1392.063720703125,1433.8704252219175,1387.0867320699354,1428.395737725409,10728792,-0.02120658722132207,-1.6188971700239607,High Risk,Medium Risk
2026-02-26,1400.3255615234375,1406.397463315574,1385.4941111892442,1392.0637118415314,16683858,0.0059349587935093595,0.4205157062277442,Medium Risk,Medium Risk
2026-02-27,1387.48486328125,1403.9089251530934,1381.711508080472,1391.5659695052796,12031440,-0.009169794935556141,-0.7144538799127769,Medium Risk,High Risk
2026-03-02,1351.75,1372.2551671563263,1335.3259388807069,1369.1694587628867,23728722,-0.025755137390645833,-1.9606747452043394,High Risk,Medium Risk
2026-03-04,1338.8099365234375,1346.5740873609554,1300.9848230751916,1323.8789706886037,32495007,-0.009572822989874274,-0.7447373649809423,Medium Risk,Low Risk
2026-03-05,1383.005615234375,1392.5614090361375,1346.8726294272453,1346.8726294272453,25957532,0.03301116723536035,2.455019124205903,Low Risk,Medium Risk
2026-03-06,1398.334716796875,1417.7449716586152,1383.9014503612218,1390.0728674061675,19311971,0.011083904066363504,0.8074069055292115,Medium Risk,Low Risk
2026-03-09,1417.4462890625,1422.8214608086796,1363.6948146177142,1368.6718029922313,24870822,0.013667380231682458,1.0015290293817638,Low Risk,Medium Risk
2026-03-10,1402.3162841796875,1424.9117626543534,1394.1539503917586,1424.015880450879,18071259,-0.010674129241834973,-0.8274893994346106,Medium Risk,High Risk
2026-03-11,1383.8017578125,1427.4002232775151,1377.2321576556008,1418.34212900751,21848087,-0.01320281777802923,-1.0174947866710853,High Risk,Medium Risk
2026-03-12,1385.7926025390625,1404.4066120742223,1374.7437125844203,1383.6027762448114,20939959,0.0014386776973818183,0.08266562363927123,Medium Risk,Medium Risk
2026-03-13,1374.3455810546875,1394.3531723993444,1372.0562392077015,1378.8248707870416,17265090,-0.008260270305528894,-0.6461122961013008,Medium Risk,Medium Risk
2026-03-16,1388.6793212890625,1390.8692691567512,1357.224777946389,1373.6488401657623,22837802,0.010429502180503425,0.7582352175370405,Medium Risk,Medium Risk
2026-03-17,1391.167724609375,1399.429573667814,1381.8109624429321,1392.5613056143347,19007744,0.0017919207711702967,0.1092082705738743,Medium Risk,Medium Risk
2026-03-18,1401.6195068359375,1406.3974645008152,1390.7696473738063,1390.7696473738063,9559327,0.007512956232144763,0.5390862656677511,Medium Risk,High Risk
2026-03-19,1378.4267578125,1409.1844489610974,1369.7667250791762,1381.6119817895922,16498373,-0.016547107763784985,-1.268784379944178,High Risk,Low Risk
2026-03-20,1407.8905029296875,1423.4186824363833,1389.6746767818195,1391.5659566755692,22994918,0.0213749079885428,1.5806718439737877,Low Risk,Medium Risk
2026-03-23,1401.3209228515625,1409.0849519631759,1384.598192981382,1393.5567722314413,18979554,-0.004666257826481779,-0.3760585812844399,Medium Risk,Medium Risk
2026-03-24,1405.302490234375,1415.8536813182018,1400.1263494042955,1413.4647025895886,18620893,0.0028412958929566745,0.18805820543830254,Medium Risk,Medium Risk
2026-03-25,1406.596435546875,1423.9163794589117,1401.9181150601291,1413.464703831985,19041331,0.0009207592824262978,0.04374928911171789,Medium Risk,High Risk
2026-03-27,1341.8956298828125,1398.235116023098,1338.809921280448,1394.552193095842,23266517,-0.04599812997457742,-3.4817310515392257,High Risk,Medium Risk
2026-03-30,1337.7149658203125,1358.7178325566667,1327.960019957529,1328.855902170806,24393861,-0.003115491227037581,-0.2595341442004454,Medium Risk,Low Risk
2026-04-01,1362.8984375,1378.028554948465,1356.6275051009459,1377.8294025098971,14404619,0.01882573816032962,1.389127494636818,Low Risk,High Risk
2026-04-02,1344.2845458984375,1351.9490593116357,1321.8880984473344,1350.7546307176451,21280051,-0.013657577915861752,-1.0516654149836673,High Risk,High Risk
2026-04-06,1298.6953125,1352.7454554606609,1284.0630151171836,1352.7454554606609,29274881,-0.03391338056926663,-2.5736842685741608,High Risk,Medium Risk
2026-04-07,1298.5958251953125,1302.2788696189978,1285.058440671965,1289.040031502862,28388922,-7.660557771316245e-05,-0.031192600233049008,Medium Risk,Low Risk
2026-04-08,1341.5970458984375,1344.3840865060406,1320.0963587364665,1342.7914745147666,21817543,0.03311362925154748,2.462718109187251,Low Risk,High Risk
2026-04-09,1323.87890625,1343.7868597274437,1320.195983460075,1339.8052690319548,20725390,-0.013206752133664734,-1.0177904137344227,High Risk,Low Risk
2026-04-10,1343.9859619140625,1346.0763943468285,1325.3720730291864,1330.8467605257397,19364461,0.015187987035020889,1.1157872625991982,Low Risk,High Risk
2026-04-13,1309.0474853515625,1321.4899565481755,1303.970981405046,1315.1193869938081,28753269,-0.02599616182950437,-1.9787852958646017,High Risk,Low Risk
2026-04-15,1337.9140625,1340.8007402141902,1328.059600686701,1330.8467629297493,15313779,0.02205158901526394,1.6315175842369325,Low Risk,Medium Risk
2026-04-16,1337.1177978515625,1347.5694738488123,1323.8789596516422,1345.7777093601655,30211012,-0.0005951538075245066,-0.07015625898177676,Medium Risk,Low Risk
2026-04-17,1358.7178955078125,1362.1022720767137,1333.832952366644,1333.832952366644,13869105,0.016154221932395352,1.1883900498579794,Low Risk,Medium Risk
2026-04-20,1357.0257568359375,1366.6810660920328,1346.5740808024586,1356.9261198573818,13614733,-0.0012453936740434157,-0.11901521328401898,Medium Risk,Medium Risk
2026-04-21,1347.07177734375,1363.4958396538184,1343.8864317482064,1352.7454957201878,27293629,-0.00733514411354752,-0.5765984125865766,Medium Risk,Medium Risk
2026-04-22,1355.8311767578125,1359.7132520720183,1342.8910067161314,1344.085556855853,9525953,0.006502548387833373,0.46316432788173306,Medium Risk,High Risk
2026-04-23,1337.21728515625,1349.261572940554,1334.529638479888,1339.8052948565,16385079,-0.013728767947403075,-1.0570146263700344,High Risk,Medium Risk
2026-04-24,1321.6890869140625,1339.7057606040942,1318.9019248091768,1333.8328899956957,11744802,-0.011612322406057696,-0.8979851338515668,Medium Risk,Low Risk
2026-04-27,1359.51416015625,1365.2873936261717,1304.9663202853897,1306.9571155871217,24673098,0.02861873765675349,2.124972433580962,Low Risk,Low Risk
2026-04-28,1382.5078125,1388.7787447541255,1350.75460334444,1351.7500009887617,41027699,0.016913139279922884,1.2454150185061426,Low Risk,Low Risk
2026-04-29,1418.83984375,1427.2012083655534,1384.896807968084,1385.5935377241706,30542143,0.026279801764230504,1.9492250397761997,Low Risk,Medium Risk
2026-04-30,1424.215087890625,1430.386505071105,1386.6885214286783,1402.5153692729207,30957881,0.0037884784278527928,0.25922940021004853,Medium Risk,Medium Risk
2026-05-01,1424.215087890625,1424.215087890625,1424.215087890625,1424.215087890625,0,0.0,-0.02543646528423097,Medium Risk,Low Risk
2026-05-04,1456.3663330078125,1460.6465916696056,1426.8030702776819,1426.8030702776819,24035700,0.022574711776720546,1.670824972806175,Low Risk,Medium Risk
2026-05-05,1456.864013671875,1466.6189594959255,1443.3266295857375,1453.280606341501,23543341,0.0003417276634201105,0.00024091494199305773,Medium Risk,High Risk
2026-05-06,1431.2823486328125,1466.519450812893,1420.9301884572374,1456.2668061036345,14221786,-0.017559404857963812,-1.3448482757639793,High Risk,Medium Risk
2026-05-07,1429.590087890625,1442.828925531327,1423.717338832762,1432.1782190445704,19816903,-0.0011823388612344221,-0.11427728136658023,Medium Risk,Medium Risk
2026-05-08,1428.5947265625,1436.1598462687914,1410.9762359236815,1419.4371163507371,8663105,-0.0006962564559982454,-0.07775310121794933,Medium Risk,High Risk
2026-05-11,1381.81103515625,1421.427912122738,1375.6396180347506,1413.4647305422184,15261787,-0.0327480499097329,-2.486121446955772,High Risk,High Risk
2026-05-12,1357.722412109375,1387.0866431630602,1354.0394893602804,1385.593546668805,24357500,-0.017432646312707356,-1.3353236521765948,High Risk,Medium Risk
2026-05-13,1352.54638671875,1366.0837705701026,1346.1758174038478,1355.1343963286624,13797989,-0.00381228544543466,-0.31189118754352596,Medium Risk,Medium Risk
2026-05-14,1355.5325927734375,1371.6579863902991,1352.148216400817,1358.9168476375535,17303059,0.0022078400297471656,0.14046039935678206,Medium Risk,High Risk
2026-05-15,1330.24951171875,1358.5188307246153,1323.082575367519,1350.5556491178086,19976192,-0.01865176919350786,-1.4269284155706545,High Risk,Medium Risk
2026-05-18,1329.7518310546875,1335.8237328112184,1312.6309174607939,1327.860551095503,13022473,-0.0003741258009706261,-0.05354823811473,Medium Risk,Medium Risk
2026-05-19,1316.6124267578125,1337.8144453658963,1312.3322897558653,1332.5387892026445,21665501,-0.009881095096107906,-0.7679008982040886,Medium Risk,Low Risk
2026-05-20,1353.442138671875,1356.6274840630256,1306.558933569541,1312.6308349443716,13248515,0.027973085446836077,2.0764581953070476,Low Risk,Medium Risk
2026-05-21,1343.388671875,1364.590690861155,1339.0088978228712,1360.9076465750106,17150630,-0.007428072844503308,-0.5835810675311919,Medium Risk,Medium Risk
2026-05-22,1348.26611328125,1361.106767233248,1342.8909416840763,1343.7868238683554,7105813,0.0036307001155833074,0.24737395463374207,Medium Risk,Medium Risk
2026-05-25,1360.7086181640625,1364.7897243191815,1350.7546414401118,1360.5095872329855,6750071,0.009228523034322533,0.6679937724295039,Medium Risk,Medium Risk
2026-05-26,1350.0579833984375,1362.2017870434288,1346.1759079681497,1353.8404218493883,13769747,-0.00782727074955647,-0.613576755591601,Medium Risk,Medium Risk
2026-05-27,1344.2845458984375,1354.736221375619,1342.393266034199,1346.7730400596713,13215138,-0.004276436694568342,-0.34676746295887184,Medium Risk,Medium Risk
2026-05-28,1344.2845458984375,1344.2845458984375,1344.2845458984375,1344.2845458984375,0,0.0,-0.02543646528423097,Medium Risk,High Risk
2026-05-29,1315.119384765625,1362.6994431442622,1310.9387630540493,1357.7224546740495,42634247,-0.021695675384946322,-1.6556472025376776,High Risk,Medium Risk
2026-06-01,1313.9249267578125,1329.353590670499,1312.4318302501333,1326.3673976551404,10700603,-0.0009082506285353897,-0.0936823207593242,Medium Risk,Medium Risk
2026-06-02,1308.5498046875,1321.689127358814,1294.3156903458798,1301.6815361898255,23302785,-0.004090889791988239,-0.33282548846472537,Medium Risk,Medium Risk
2026-06-03,1307.15625,1317.906594083847,1295.0124463014238,1308.9480145168118,20012293,-0.001064961136754583,-0.10545753165304146,Medium Risk,Medium Risk
2026-06-04,1297.699951171875,1305.1654340270677,1287.1487597049047,1295.0124259474096,23474327,-0.007234252850892964,-0.5690174538583392,Medium Risk,Medium Risk
2026-06-05,1291.0,1306.0,1288.0,1304.5,17785223,-0.005162943225685335,-0.41337946927027636,Medium Risk,High Risk
2026-06-08,1263.300048828125,1282.5999755859375,1259.199951171875,1277.0,16494759,-0.021456197654434517,-1.637652871377823,High Risk,Medium Risk
2026-06-09,1269.199951171875,1274.199951171875,1257.5,1269.0,23620214,0.0046702304406802675,0.3254841525236624,Medium Risk,Medium Risk
2026-06-10,1258.800048828125,1300.5,1254.4000244140625,1275.0,21012796,-0.00819406141179535,-0.6411373668791857,Medium Risk,Medium Risk
2026-06-11,1263.0,1276.0,1253.199951171875,1258.0,13117486,0.003336472043979466,0.22526568867661179,Medium Risk,Low Risk
2026-06-12,1293.0,1297.0,1262.5,1277.0,11988785,0.02375296912114022,1.759359104149855,Low Risk,Medium Risk
2026-06-15,1307.0,1325.0,1303.300048828125,1315.300048828125,18633321,0.010827532869296164,0.7881432010919812,Medium Risk,Low Risk
2026-06-16,1328.800048828125,1333.4000244140625,1306.4000244140625,1313.4000244140625,18513223,0.0166794558746175,1.2278560723250471,Low Risk,Medium Risk
2026-06-17,1332.699951171875,1334.0,1317.0,1333.0,10029170,0.002934905328449755,0.19509200844933663,Medium Risk,Medium Risk
2026-06-18,1328.0999755859375,1333.9000244140625,1322.0,1330.0,15494549,-0.003451621335989863,-0.2847909247802465,Medium Risk,High Risk
2026-06-19,1309.5,1338.199951171875,1305.300048828125,1328.0,24887034,-0.014004951380058195,-1.0777670200787957,High Risk,Medium Risk
